{"cameraMode":{"drawMode":0,"name":"Shaded","section":"Shading Mode"},"sceneLighting":true,"audioPlay":false,"sceneViewState":{"showFog":true,"showMaterialUpdate":false,"showSkybox":true,"showFlares":true,"showImageEffects":true,"showParticleSystems":true},"in2DMode":false,"pivot":{"x":498.88482666015627,"y":100.58758544921875,"z":138.14599609375},"rotation":{"x":-0.1825064867734909,"y":-0.660696804523468,"z":0.17033103108406068,"w":-0.7079254388809204},"size":1625.975830078125,"orthographic":false}